{
  "project_info": {
    "project_number": "835111952533",
    "firebase_url": "https://exemplofirebase-1e6ba.firebaseio.com",
    "project_id": "exemplofirebase-1e6ba",
    "storage_bucket": "exemplofirebase-1e6ba.appspot.com"
  },
  "client": [
    {
      "client_info": {
        "mobilesdk_app_id": "1:835111952533:android:b238db60f998f6acd2fb9c",
        "android_client_info": {
          "package_name": "br.com.tcc.tabs"
        }
      },
      "oauth_client": [
        {
          "client_id": "835111952533-5kkatpebm4u1v5qdvsbldufm14bppet9.apps.googleusercontent.com",
          "client_type": 1,
          "android_info": {
            "package_name": "br.com.tcc.tabs",
            "certificate_hash": "2f683d105515a43d4ca8c0af125d017e8e2314af"
          }
        },
        {
          "client_id": "835111952533-q61j0to5e8a5aav0vd8mtcsn89kkeu1r.apps.googleusercontent.com",
          "client_type": 3
        }
      ],
      "api_key": [
        {
          "current_key": "AIzaSyAI1JLymU8y6Hpk7vXbJctohzRjIIFAREk"
        }
      ],
      "services": {
        "appinvite_service": {
          "other_platform_oauth_client": [
            {
              "client_id": "835111952533-q61j0to5e8a5aav0vd8mtcsn89kkeu1r.apps.googleusercontent.com",
              "client_type": 3
            }
          ]
        }
      }
    },
    {
      "client_info": {
        "mobilesdk_app_id": "1:835111952533:android:4e49f8420761b71d",
        "android_client_info": {
          "package_name": "com.example.exemplofirebase"
        }
      },
      "oauth_client": [
        {
          "client_id": "835111952533-vfslmqboarg3i35rrla4rdjdm0mlo9ks.apps.googleusercontent.com",
          "client_type": 1,
          "android_info": {
            "package_name": "com.example.exemplofirebase",
            "certificate_hash": "2f683d105515a43d4ca8c0af125d017e8e2314af"
          }
        },
        {
          "client_id": "835111952533-q61j0to5e8a5aav0vd8mtcsn89kkeu1r.apps.googleusercontent.com",
          "client_type": 3
        }
      ],
      "api_key": [
        {
          "current_key": "AIzaSyAI1JLymU8y6Hpk7vXbJctohzRjIIFAREk"
        }
      ],
      "services": {
        "appinvite_service": {
          "other_platform_oauth_client": [
            {
              "client_id": "835111952533-q61j0to5e8a5aav0vd8mtcsn89kkeu1r.apps.googleusercontent.com",
              "client_type": 3
            }
          ]
        }
      }
    },
    {
      "client_info": {
        "mobilesdk_app_id": "1:835111952533:android:106f50a48c2d7751d2fb9c",
        "android_client_info": {
          "package_name": "com.example.partefolhapagamento"
        }
      },
      "oauth_client": [
        {
          "client_id": "835111952533-rl84fqms3o3nm7fjccjb5bqu5c4mdsri.apps.googleusercontent.com",
          "client_type": 1,
          "android_info": {
            "package_name": "com.example.partefolhapagamento",
            "certificate_hash": "2f683d105515a43d4ca8c0af125d017e8e2314af"
          }
        },
        {
          "client_id": "835111952533-q61j0to5e8a5aav0vd8mtcsn89kkeu1r.apps.googleusercontent.com",
          "client_type": 3
        }
      ],
      "api_key": [
        {
          "current_key": "AIzaSyAI1JLymU8y6Hpk7vXbJctohzRjIIFAREk"
        }
      ],
      "services": {
        "appinvite_service": {
          "other_platform_oauth_client": [
            {
              "client_id": "835111952533-q61j0to5e8a5aav0vd8mtcsn89kkeu1r.apps.googleusercontent.com",
              "client_type": 3
            }
          ]
        }
      }
    },
    {
      "client_info": {
        "mobilesdk_app_id": "1:835111952533:android:1fed998db420d261d2fb9c",
        "android_client_info": {
          "package_name": "com.example.partemarcaponto"
        }
      },
      "oauth_client": [
        {
          "client_id": "835111952533-ab7em184l7tsgoan4jqfqplopbqr186a.apps.googleusercontent.com",
          "client_type": 1,
          "android_info": {
            "package_name": "com.example.partemarcaponto",
            "certificate_hash": "2f683d105515a43d4ca8c0af125d017e8e2314af"
          }
        },
        {
          "client_id": "835111952533-q61j0to5e8a5aav0vd8mtcsn89kkeu1r.apps.googleusercontent.com",
          "client_type": 3
        }
      ],
      "api_key": [
        {
          "current_key": "AIzaSyAI1JLymU8y6Hpk7vXbJctohzRjIIFAREk"
        }
      ],
      "services": {
        "appinvite_service": {
          "other_platform_oauth_client": [
            {
              "client_id": "835111952533-q61j0to5e8a5aav0vd8mtcsn89kkeu1r.apps.googleusercontent.com",
              "client_type": 3
            }
          ]
        }
      }
    }
  ],
  "configuration_version": "1"
}